"id","name","priceRange","healthScore","takesReservation","Monday","Tuesday","Wednesday","Thursday","Friday","Saturday","Sunday"
10000001,"Will Tasty Gorgeous Wooden Mouse 1000001",3,87,false,"9:00 am - 2:30 pm, 4:30 pm - 10:30 pm","9:00 am - 2:30 pm, 4:30 pm - 10:30 pm","9:00 am - 2:30 pm, 4:30 pm - 10:30 pm","9:00 am - 2:30 pm, 4:30 pm - 10:30 pm","9:00 am - 2:30 pm, 4:30 pm - 10:30 pm","10:00 am - 11:00 pm","10:00 am - 11:00 pm"
10000002,"Harris Sleek Small Fresh Shirt 1000002",2,80,false,"7:00 am - 10:00 pm","7:00 am - 10:00 pm","7:00 am - 10:00 pm","7:00 am - 10:00 pm","7:00 am - 10:00 pm","8:00 am - 10:30 pm","8:00 am - 10:30 pm"
10000003,"Cummings Tasty Handcrafted Rubber Shirt 1000003",0,62,true,"8:00 am - 11:00 pm","8:00 am - 11:00 pm","8:00 am - 11:00 pm","8:00 am - 11:00 pm","8:00 am - 11:00 pm","8:30 am - 11:00 pm","8:30 am - 11:00 pm"
10000004,"Goldner Unbranded Gorgeous Fresh Fish 1000004",2,90,false,"9:30 am - 1:30 pm, 4:30 pm - 11:00 pm","9:30 am - 1:30 pm, 4:30 pm - 11:00 pm","9:30 am - 1:30 pm, 4:30 pm - 11:00 pm","9:30 am - 1:30 pm, 4:30 pm - 11:00 pm","9:30 am - 1:30 pm, 4:30 pm - 11:00 pm","9:30 am - 1:30 pm, 4:30 pm - 11:00 pm","9:30 am - 1:30 pm, 4:30 pm - 11:00 pm"
10000005,"Walsh Fantastic Intelligent Frozen Shirt 1000005",2,67,false,"8:00 am - 11:30 pm","8:00 am - 11:30 pm","8:00 am - 11:30 pm","8:00 am - 11:30 pm","8:00 am - 11:30 pm","9:30 am - 10:30 pm","9:30 am - 10:30 pm"
10000006,"Beier Ergonomic Practical Metal Chair 1000006",0,64,false,"9:00 am - 11:00 pm","9:00 am - 11:00 pm","9:00 am - 11:00 pm","9:00 am - 11:00 pm","9:00 am - 11:00 pm","9:30 am - 11:00 pm","9:30 am - 11:00 pm"
10000007,"Haley Fantastic Practical Cotton Table 1000007",2,55,false,"7:00 am - 2:30 pm, 4:30 pm - 11:30 pm","7:00 am - 2:30 pm, 4:30 pm - 11:30 pm","7:00 am - 2:30 pm, 4:30 pm - 11:30 pm","7:00 am - 2:30 pm, 4:30 pm - 11:30 pm","7:00 am - 2:30 pm, 4:30 pm - 11:30 pm","7:00 am - 2:30 pm, 4:30 pm - 11:30 pm","7:00 am - 2:30 pm, 4:30 pm - 11:30 pm"
10000008,"Gibson Handcrafted Handmade Metal Pants 1000008",2,91,false,"9:00 am - 1:30 pm, 6:00 pm - 11:00 pm","9:00 am - 1:30 pm, 6:00 pm - 11:00 pm","9:00 am - 1:30 pm, 6:00 pm - 11:00 pm","9:00 am - 1:30 pm, 6:00 pm - 11:00 pm","9:00 am - 1:30 pm, 6:00 pm - 11:00 pm","8:30 am - 11:30 pm","8:30 am - 11:30 pm"
10000009,"Bruen Awesome Fantastic Wooden Fish 1000009",3,100,true,"8:30 am - 10:30 pm","8:30 am - 10:30 pm","8:30 am - 10:30 pm","8:30 am - 10:30 pm","8:30 am - 10:30 pm","8:00 am - 11:30 pm","8:00 am - 11:30 pm"
10000010,"Barrows Tasty Incredible Fresh Shoes 10000010",2,53,false,"8:00 am - 11:30 pm","8:00 am - 11:30 pm","8:00 am - 11:30 pm","8:00 am - 11:30 pm","8:00 am - 11:30 pm","8:00 am - 11:30 pm","8:00 am - 11:30 pm"
10000011,"Kohler Small Small Cotton Chicken 10000011",2,82,false,"10:00 am - 2:30 pm, 6:00 pm - 11:30 pm","10:00 am - 2:30 pm, 6:00 pm - 11:30 pm","10:00 am - 2:30 pm, 6:00 pm - 11:30 pm","10:00 am - 2:30 pm, 6:00 pm - 11:30 pm","10:00 am - 2:30 pm, 6:00 pm - 11:30 pm","9:30 am - 11:00 pm","9:30 am - 11:00 pm"
10000012,"McGlynn Small Fantastic Cotton Soap 10000012",3,73,true,"8:30 am - 11:00 pm","8:30 am - 11:00 pm","8:30 am - 11:00 pm","8:30 am - 11:00 pm","8:30 am - 11:00 pm","10:00 am - 10:30 pm","10:00 am - 10:30 pm"
10000013,"Durgan Licensed Unbranded Steel Chair 10000013",0,65,false,"7:30 am - 1:30 pm, 4:30 pm - 11:00 pm","7:30 am - 1:30 pm, 4:30 pm - 11:00 pm","7:30 am - 1:30 pm, 4:30 pm - 11:00 pm","7:30 am - 1:30 pm, 4:30 pm - 11:00 pm","7:30 am - 1:30 pm, 4:30 pm - 11:00 pm","8:30 am - 10:00 pm","8:30 am - 10:00 pm"
10000014,"Purdy Unbranded Small Plastic Hat 10000014",0,99,false,"7:30 am - 11:30 pm","7:30 am - 11:30 pm","7:30 am - 11:30 pm","7:30 am - 11:30 pm","7:30 am - 11:30 pm","7:30 am - 10:30 pm","7:30 am - 10:30 pm"
10000015,"Stroman Fantastic Unbranded Steel Salad 10000015",0,76,true,"9:30 am - 2:00 pm, 4:30 pm - 11:30 pm","9:30 am - 2:00 pm, 4:30 pm - 11:30 pm","9:30 am - 2:00 pm, 4:30 pm - 11:30 pm","9:30 am - 2:00 pm, 4:30 pm - 11:30 pm","9:30 am - 2:00 pm, 4:30 pm - 11:30 pm","9:30 am - 2:00 pm, 4:30 pm - 11:30 pm","9:30 am - 2:00 pm, 4:30 pm - 11:30 pm"
10000016,"Stehr Incredible Handcrafted Frozen Pants 10000016",3,77,false,"7:30 am - 2:30 pm, 6:00 pm - 11:00 pm","7:30 am - 2:30 pm, 6:00 pm - 11:00 pm","7:30 am - 2:30 pm, 6:00 pm - 11:00 pm","7:30 am - 2:30 pm, 6:00 pm - 11:00 pm","7:30 am - 2:30 pm, 6:00 pm - 11:00 pm","7:30 am - 2:30 pm, 6:00 pm - 11:00 pm","7:30 am - 2:30 pm, 6:00 pm - 11:00 pm"
10000017,"Rowe Intelligent Gorgeous Rubber Gloves 10000017",2,85,true,"7:30 am - 1:30 pm, 6:00 pm - 10:00 pm","7:30 am - 1:30 pm, 6:00 pm - 10:00 pm","7:30 am - 1:30 pm, 6:00 pm - 10:00 pm","7:30 am - 1:30 pm, 6:00 pm - 10:00 pm","7:30 am - 1:30 pm, 6:00 pm - 10:00 pm","7:30 am - 1:30 pm, 6:00 pm - 10:00 pm","7:30 am - 1:30 pm, 6:00 pm - 10:00 pm"
10000018,"Schowalter Practical Sleek Soft Shoes 10000018",0,85,false,"10:00 am - 11:30 pm","10:00 am - 11:30 pm","10:00 am - 11:30 pm","10:00 am - 11:30 pm","10:00 am - 11:30 pm","10:00 am - 11:00 pm","10:00 am - 11:00 pm"
10000019,"Hermiston Tasty Intelligent Plastic Chicken 10000019",2,82,false,"7:30 am - 2:00 pm, 4:00 pm - 10:30 pm","7:30 am - 2:00 pm, 4:00 pm - 10:30 pm","7:30 am - 2:00 pm, 4:00 pm - 10:30 pm","7:30 am - 2:00 pm, 4:00 pm - 10:30 pm","7:30 am - 2:00 pm, 4:00 pm - 10:30 pm","7:30 am - 2:00 pm, 4:00 pm - 10:30 pm","7:30 am - 2:00 pm, 4:00 pm - 10:30 pm"
10000020,"Towne Gorgeous Small Cotton Bike 10000020",3,60,false,"7:30 am - 2:30 pm, 4:00 pm - 10:00 pm","7:30 am - 2:30 pm, 4:00 pm - 10:00 pm","7:30 am - 2:30 pm, 4:00 pm - 10:00 pm","7:30 am - 2:30 pm, 4:00 pm - 10:00 pm","7:30 am - 2:30 pm, 4:00 pm - 10:00 pm","7:00 am - 11:30 pm","7:00 am - 11:30 pm"
10000021,"Roberts Incredible Gorgeous Granite Bike 10000021",3,86,true,"10:00 am - 11:00 pm","10:00 am - 11:00 pm","10:00 am - 11:00 pm","10:00 am - 11:00 pm","10:00 am - 11:00 pm","10:00 am - 11:00 pm","10:00 am - 11:00 pm"
10000022,"Bauch Refined Gorgeous Metal Car 10000022",0,64,true,"9:30 am - 1:30 pm, 6:00 pm - 11:30 pm","9:30 am - 1:30 pm, 6:00 pm - 11:30 pm","9:30 am - 1:30 pm, 6:00 pm - 11:30 pm","9:30 am - 1:30 pm, 6:00 pm - 11:30 pm","9:30 am - 1:30 pm, 6:00 pm - 11:30 pm","9:30 am - 1:30 pm, 6:00 pm - 11:30 pm","9:30 am - 1:30 pm, 6:00 pm - 11:30 pm"
10000023,"Rodriguez Licensed Rustic Frozen Shoes 10000023",3,99,true,"7:30 am - 11:30 pm","7:30 am - 11:30 pm","7:30 am - 11:30 pm","7:30 am - 11:30 pm","7:30 am - 11:30 pm","9:00 am - 10:00 pm","9:00 am - 10:00 pm"
10000024,"Schaden Intelligent Gorgeous Steel Bike 10000024",0,57,false,"8:30 am - 2:30 pm, 4:00 pm - 10:30 pm","8:30 am - 2:30 pm, 4:00 pm - 10:30 pm","8:30 am - 2:30 pm, 4:00 pm - 10:30 pm","8:30 am - 2:30 pm, 4:00 pm - 10:30 pm","8:30 am - 2:30 pm, 4:00 pm - 10:30 pm","8:30 am - 2:30 pm, 4:00 pm - 10:30 pm","8:30 am - 2:30 pm, 4:00 pm - 10:30 pm"
10000025,"Carroll Awesome Practical Concrete Towels 10000025",0,79,false,"7:00 am - 1:30 pm, 4:30 pm - 11:30 pm","7:00 am - 1:30 pm, 4:30 pm - 11:30 pm","7:00 am - 1:30 pm, 4:30 pm - 11:30 pm","7:00 am - 1:30 pm, 4:30 pm - 11:30 pm","7:00 am - 1:30 pm, 4:30 pm - 11:30 pm","7:00 am - 1:30 pm, 4:30 pm - 11:30 pm","7:00 am - 1:30 pm, 4:30 pm - 11:30 pm"
10000026,"Buckridge Ergonomic Handmade Frozen Ball 10000026",3,63,false,"9:30 am - 2:30 pm, 5:30 pm - 11:30 pm","9:30 am - 2:30 pm, 5:30 pm - 11:30 pm","9:30 am - 2:30 pm, 5:30 pm - 11:30 pm","9:30 am - 2:30 pm, 5:30 pm - 11:30 pm","9:30 am - 2:30 pm, 5:30 pm - 11:30 pm","9:00 am - 11:30 pm","9:00 am - 11:30 pm"
10000027,"Cronin Rustic Handmade Cotton Hat 10000027",1,72,false,"7:00 am - 10:00 pm","7:00 am - 10:00 pm","7:00 am - 10:00 pm","7:00 am - 10:00 pm","7:00 am - 10:00 pm","7:00 am - 10:00 pm","7:00 am - 10:00 pm"
10000028,"Torp Practical Fantastic Frozen Chips 10000028",0,90,true,"7:30 am - 2:00 pm, 5:30 pm - 10:30 pm","7:30 am - 2:00 pm, 5:30 pm - 10:30 pm","7:30 am - 2:00 pm, 5:30 pm - 10:30 pm","7:30 am - 2:00 pm, 5:30 pm - 10:30 pm","7:30 am - 2:00 pm, 5:30 pm - 10:30 pm","7:30 am - 2:00 pm, 5:30 pm - 10:30 pm","7:30 am - 2:00 pm, 5:30 pm - 10:30 pm"
10000029,"Runte Rustic Awesome Concrete Ball 10000029",3,83,false,"8:30 am - 10:30 pm","8:30 am - 10:30 pm","8:30 am - 10:30 pm","8:30 am - 10:30 pm","8:30 am - 10:30 pm","9:00 am - 11:00 pm","9:00 am - 11:00 pm"
10000030,"Shields Rustic Fantastic Wooden Hat 10000030",3,99,true,"8:30 am - 2:00 pm, 5:30 pm - 10:00 pm","8:30 am - 2:00 pm, 5:30 pm - 10:00 pm","8:30 am - 2:00 pm, 5:30 pm - 10:00 pm","8:30 am - 2:00 pm, 5:30 pm - 10:00 pm","8:30 am - 2:00 pm, 5:30 pm - 10:00 pm","8:00 am - 11:30 pm","8:00 am - 11:30 pm"
10000031,"Mueller Small Unbranded Metal Chair 10000031",3,91,false,"7:00 am - 2:30 pm, 6:00 pm - 11:30 pm","7:00 am - 2:30 pm, 6:00 pm - 11:30 pm","7:00 am - 2:30 pm, 6:00 pm - 11:30 pm","7:00 am - 2:30 pm, 6:00 pm - 11:30 pm","7:00 am - 2:30 pm, 6:00 pm - 11:30 pm","9:00 am - 11:30 pm","9:00 am - 11:30 pm"
10000032,"Brakus Tasty Generic Wooden Mouse 10000032",3,93,false,"8:00 am - 11:00 pm","8:00 am - 11:00 pm","8:00 am - 11:00 pm","8:00 am - 11:00 pm","8:00 am - 11:00 pm","8:00 am - 11:00 pm","8:00 am - 11:00 pm"
10000033,"Gorczany Ergonomic Rustic Metal Fish 10000033",0,54,false,"8:00 am - 10:00 pm","8:00 am - 10:00 pm","8:00 am - 10:00 pm","8:00 am - 10:00 pm","8:00 am - 10:00 pm","8:30 am - 11:00 pm","8:30 am - 11:00 pm"
10000034,"Quitzon Tasty Fantastic Granite Salad 10000034",2,89,false,"9:00 am - 1:30 pm, 5:30 pm - 11:00 pm","9:00 am - 1:30 pm, 5:30 pm - 11:00 pm","9:00 am - 1:30 pm, 5:30 pm - 11:00 pm","9:00 am - 1:30 pm, 5:30 pm - 11:00 pm","9:00 am - 1:30 pm, 5:30 pm - 11:00 pm","9:30 am - 10:00 pm","9:30 am - 10:00 pm"
10000035,"Welch Licensed Rustic Cotton Tuna 10000035",1,61,true,"9:30 am - 2:30 pm, 5:30 pm - 10:00 pm","9:30 am - 2:30 pm, 5:30 pm - 10:00 pm","9:30 am - 2:30 pm, 5:30 pm - 10:00 pm","9:30 am - 2:30 pm, 5:30 pm - 10:00 pm","9:30 am - 2:30 pm, 5:30 pm - 10:00 pm","9:30 am - 2:30 pm, 5:30 pm - 10:00 pm","9:30 am - 2:30 pm, 5:30 pm - 10:00 pm"
10000036,"Kessler Ergonomic Handcrafted Wooden Bacon 10000036",0,82,true,"8:00 am - 2:00 pm, 5:30 pm - 11:00 pm","8:00 am - 2:00 pm, 5:30 pm - 11:00 pm","8:00 am - 2:00 pm, 5:30 pm - 11:00 pm","8:00 am - 2:00 pm, 5:30 pm - 11:00 pm","8:00 am - 2:00 pm, 5:30 pm - 11:00 pm","9:30 am - 10:30 pm","9:30 am - 10:30 pm"
10000037,"Turcotte Fantastic Intelligent Wooden Pants 10000037",3,58,false,"9:30 am - 2:00 pm, 4:00 pm - 11:30 pm","9:30 am - 2:00 pm, 4:00 pm - 11:30 pm","9:30 am - 2:00 pm, 4:00 pm - 11:30 pm","9:30 am - 2:00 pm, 4:00 pm - 11:30 pm","9:30 am - 2:00 pm, 4:00 pm - 11:30 pm","8:00 am - 11:30 pm","8:00 am - 11:30 pm"
10000038,"Bergnaum Tasty Refined Frozen Car 10000038",1,56,false,"7:30 am - 10:30 pm","7:30 am - 10:30 pm","7:30 am - 10:30 pm","7:30 am - 10:30 pm","7:30 am - 10:30 pm","7:30 am - 11:00 pm","7:30 am - 11:00 pm"
10000039,"Connelly Ergonomic Small Rubber Towels 10000039",2,62,true,"7:30 am - 2:00 pm, 4:00 pm - 10:00 pm","7:30 am - 2:00 pm, 4:00 pm - 10:00 pm","7:30 am - 2:00 pm, 4:00 pm - 10:00 pm","7:30 am - 2:00 pm, 4:00 pm - 10:00 pm","7:30 am - 2:00 pm, 4:00 pm - 10:00 pm","7:30 am - 10:30 pm","7:30 am - 10:30 pm"
10000040,"Hettinger Fantastic Rustic Cotton Tuna 10000040",2,71,true,"8:00 am - 10:00 pm","8:00 am - 10:00 pm","8:00 am - 10:00 pm","8:00 am - 10:00 pm","8:00 am - 10:00 pm","7:00 am - 11:30 pm","7:00 am - 11:30 pm"
10000041,"O'Connell Ergonomic Fantastic Concrete Hat 10000041",2,81,false,"10:00 am - 10:30 pm","10:00 am - 10:30 pm","10:00 am - 10:30 pm","10:00 am - 10:30 pm","10:00 am - 10:30 pm","10:00 am - 10:30 pm","10:00 am - 10:30 pm"
10000042,"Herman Fantastic Handcrafted Granite Chips 10000042",0,98,false,"7:30 am - 10:30 pm","7:30 am - 10:30 pm","7:30 am - 10:30 pm","7:30 am - 10:30 pm","7:30 am - 10:30 pm","7:30 am - 10:30 pm","7:30 am - 10:30 pm"
10000043,"Stark Tasty Sleek Cotton Computer 10000043",3,55,true,"9:00 am - 10:30 pm","9:00 am - 10:30 pm","9:00 am - 10:30 pm","9:00 am - 10:30 pm","9:00 am - 10:30 pm","9:00 am - 10:30 pm","9:00 am - 10:30 pm"
10000044,"Bergstrom Tasty Ergonomic Frozen Hat 10000044",1,52,true,"8:00 am - 11:00 pm","8:00 am - 11:00 pm","8:00 am - 11:00 pm","8:00 am - 11:00 pm","8:00 am - 11:00 pm","9:30 am - 11:30 pm","9:30 am - 11:30 pm"
10000045,"Ferry Small Handmade Rubber Gloves 10000045",1,68,true,"10:00 am - 11:30 pm","10:00 am - 11:30 pm","10:00 am - 11:30 pm","10:00 am - 11:30 pm","10:00 am - 11:30 pm","9:00 am - 10:00 pm","9:00 am - 10:00 pm"
10000046,"Flatley Small Licensed Rubber Shoes 10000046",2,65,false,"7:00 am - 1:30 pm, 6:00 pm - 11:00 pm","7:00 am - 1:30 pm, 6:00 pm - 11:00 pm","7:00 am - 1:30 pm, 6:00 pm - 11:00 pm","7:00 am - 1:30 pm, 6:00 pm - 11:00 pm","7:00 am - 1:30 pm, 6:00 pm - 11:00 pm","7:00 am - 10:00 pm","7:00 am - 10:00 pm"
10000047,"Satterfield Practical Refined Wooden Soap 10000047",1,88,false,"8:00 am - 1:30 pm, 5:30 pm - 10:00 pm","8:00 am - 1:30 pm, 5:30 pm - 10:00 pm","8:00 am - 1:30 pm, 5:30 pm - 10:00 pm","8:00 am - 1:30 pm, 5:30 pm - 10:00 pm","8:00 am - 1:30 pm, 5:30 pm - 10:00 pm","9:30 am - 11:00 pm","9:30 am - 11:00 pm"
10000048,"Mueller Sleek Generic Steel Chips 10000048",1,59,false,"10:00 am - 1:30 pm, 5:30 pm - 10:30 pm","10:00 am - 1:30 pm, 5:30 pm - 10:30 pm","10:00 am - 1:30 pm, 5:30 pm - 10:30 pm","10:00 am - 1:30 pm, 5:30 pm - 10:30 pm","10:00 am - 1:30 pm, 5:30 pm - 10:30 pm","10:00 am - 1:30 pm, 5:30 pm - 10:30 pm","10:00 am - 1:30 pm, 5:30 pm - 10:30 pm"
10000049,"Brekke Sleek Small Frozen Pizza 10000049",3,95,false,"8:30 am - 1:30 pm, 6:00 pm - 11:00 pm","8:30 am - 1:30 pm, 6:00 pm - 11:00 pm","8:30 am - 1:30 pm, 6:00 pm - 11:00 pm","8:30 am - 1:30 pm, 6:00 pm - 11:00 pm","8:30 am - 1:30 pm, 6:00 pm - 11:00 pm","8:30 am - 1:30 pm, 6:00 pm - 11:00 pm","8:30 am - 1:30 pm, 6:00 pm - 11:00 pm"
10000050,"Glover Gorgeous Handmade Soft Hat 10000050",3,89,false,"7:00 am - 2:00 pm, 4:30 pm - 10:30 pm","7:00 am - 2:00 pm, 4:30 pm - 10:30 pm","7:00 am - 2:00 pm, 4:30 pm - 10:30 pm","7:00 am - 2:00 pm, 4:30 pm - 10:30 pm","7:00 am - 2:00 pm, 4:30 pm - 10:30 pm","7:00 am - 11:30 pm","7:00 am - 11:30 pm"
10000051,"Pollich Small Awesome Wooden Fish 10000051",1,61,false,"9:00 am - 2:30 pm, 4:30 pm - 10:00 pm","9:00 am - 2:30 pm, 4:30 pm - 10:00 pm","9:00 am - 2:30 pm, 4:30 pm - 10:00 pm","9:00 am - 2:30 pm, 4:30 pm - 10:00 pm","9:00 am - 2:30 pm, 4:30 pm - 10:00 pm","9:00 am - 2:30 pm, 4:30 pm - 10:00 pm","9:00 am - 2:30 pm, 4:30 pm - 10:00 pm"
10000052,"Bergstrom Handcrafted Intelligent Granite Pizza 10000052",3,55,true,"8:30 am - 2:00 pm, 4:00 pm - 10:30 pm","8:30 am - 2:00 pm, 4:00 pm - 10:30 pm","8:30 am - 2:00 pm, 4:00 pm - 10:30 pm","8:30 am - 2:00 pm, 4:00 pm - 10:30 pm","8:30 am - 2:00 pm, 4:00 pm - 10:30 pm","7:30 am - 10:30 pm","7:30 am - 10:30 pm"
10000053,"Bogan Awesome Intelligent Steel Bike 10000053",2,74,false,"8:00 am - 2:30 pm, 6:00 pm - 11:30 pm","8:00 am - 2:30 pm, 6:00 pm - 11:30 pm","8:00 am - 2:30 pm, 6:00 pm - 11:30 pm","8:00 am - 2:30 pm, 6:00 pm - 11:30 pm","8:00 am - 2:30 pm, 6:00 pm - 11:30 pm","8:00 am - 2:30 pm, 6:00 pm - 11:30 pm","8:00 am - 2:30 pm, 6:00 pm - 11:30 pm"
10000054,"Douglas Incredible Handcrafted Frozen Salad 10000054",2,64,false,"9:00 am - 2:30 pm, 4:00 pm - 10:00 pm","9:00 am - 2:30 pm, 4:00 pm - 10:00 pm","9:00 am - 2:30 pm, 4:00 pm - 10:00 pm","9:00 am - 2:30 pm, 4:00 pm - 10:00 pm","9:00 am - 2:30 pm, 4:00 pm - 10:00 pm","8:00 am - 11:00 pm","8:00 am - 11:00 pm"
10000055,"Friesen Handmade Sleek Granite Towels 10000055",0,63,true,"9:00 am - 10:30 pm","9:00 am - 10:30 pm","9:00 am - 10:30 pm","9:00 am - 10:30 pm","9:00 am - 10:30 pm","9:30 am - 11:00 pm","9:30 am - 11:00 pm"
10000056,"Corkery Practical Sleek Fresh Chips 10000056",2,77,false,"10:00 am - 1:30 pm, 5:30 pm - 11:00 pm","10:00 am - 1:30 pm, 5:30 pm - 11:00 pm","10:00 am - 1:30 pm, 5:30 pm - 11:00 pm","10:00 am - 1:30 pm, 5:30 pm - 11:00 pm","10:00 am - 1:30 pm, 5:30 pm - 11:00 pm","7:30 am - 11:00 pm","7:30 am - 11:00 pm"
10000057,"McClure Practical Awesome Fresh Bike 10000057",0,94,false,"7:30 am - 2:00 pm, 4:30 pm - 10:00 pm","7:30 am - 2:00 pm, 4:30 pm - 10:00 pm","7:30 am - 2:00 pm, 4:30 pm - 10:00 pm","7:30 am - 2:00 pm, 4:30 pm - 10:00 pm","7:30 am - 2:00 pm, 4:30 pm - 10:00 pm","8:30 am - 10:00 pm","8:30 am - 10:00 pm"
10000058,"Boyle Handcrafted Fantastic Fresh Ball 10000058",0,97,false,"10:00 am - 1:30 pm, 5:30 pm - 10:00 pm","10:00 am - 1:30 pm, 5:30 pm - 10:00 pm","10:00 am - 1:30 pm, 5:30 pm - 10:00 pm","10:00 am - 1:30 pm, 5:30 pm - 10:00 pm","10:00 am - 1:30 pm, 5:30 pm - 10:00 pm","9:30 am - 10:30 pm","9:30 am - 10:30 pm"
10000059,"Huel Sleek Licensed Rubber Cheese 10000059",0,91,false,"7:00 am - 10:00 pm","7:00 am - 10:00 pm","7:00 am - 10:00 pm","7:00 am - 10:00 pm","7:00 am - 10:00 pm","7:00 am - 10:00 pm","7:00 am - 10:00 pm"
10000060,"Legros Handcrafted Refined Metal Car 10000060",1,69,true,"9:00 am - 11:00 pm","9:00 am - 11:00 pm","9:00 am - 11:00 pm","9:00 am - 11:00 pm","9:00 am - 11:00 pm","8:30 am - 11:00 pm","8:30 am - 11:00 pm"
10000061,"Green Licensed Handcrafted Frozen Table 10000061",3,91,true,"10:00 am - 2:30 pm, 4:00 pm - 10:30 pm","10:00 am - 2:30 pm, 4:00 pm - 10:30 pm","10:00 am - 2:30 pm, 4:00 pm - 10:30 pm","10:00 am - 2:30 pm, 4:00 pm - 10:30 pm","10:00 am - 2:30 pm, 4:00 pm - 10:30 pm","10:00 am - 10:30 pm","10:00 am - 10:30 pm"
10000062,"Langosh Rustic Intelligent Granite Gloves 10000062",2,71,true,"10:00 am - 2:00 pm, 4:30 pm - 10:00 pm","10:00 am - 2:00 pm, 4:30 pm - 10:00 pm","10:00 am - 2:00 pm, 4:30 pm - 10:00 pm","10:00 am - 2:00 pm, 4:30 pm - 10:00 pm","10:00 am - 2:00 pm, 4:30 pm - 10:00 pm","10:00 am - 2:00 pm, 4:30 pm - 10:00 pm","10:00 am - 2:00 pm, 4:30 pm - 10:00 pm"
10000063,"Hegmann Refined Handcrafted Fresh Chips 10000063",0,70,false,"10:00 am - 11:30 pm","10:00 am - 11:30 pm","10:00 am - 11:30 pm","10:00 am - 11:30 pm","10:00 am - 11:30 pm","7:00 am - 10:30 pm","7:00 am - 10:30 pm"
10000064,"Durgan Gorgeous Sleek Rubber Bike 10000064",0,85,false,"7:30 am - 1:30 pm, 5:30 pm - 11:00 pm","7:30 am - 1:30 pm, 5:30 pm - 11:00 pm","7:30 am - 1:30 pm, 5:30 pm - 11:00 pm","7:30 am - 1:30 pm, 5:30 pm - 11:00 pm","7:30 am - 1:30 pm, 5:30 pm - 11:00 pm","8:00 am - 10:00 pm","8:00 am - 10:00 pm"
10000065,"Nitzsche Ergonomic Fantastic Cotton Salad 10000065",0,88,true,"9:30 am - 1:30 pm, 5:30 pm - 11:00 pm","9:30 am - 1:30 pm, 5:30 pm - 11:00 pm","9:30 am - 1:30 pm, 5:30 pm - 11:00 pm","9:30 am - 1:30 pm, 5:30 pm - 11:00 pm","9:30 am - 1:30 pm, 5:30 pm - 11:00 pm","7:30 am - 10:00 pm","7:30 am - 10:00 pm"
10000066,"Terry Small Refined Frozen Ball 10000066",0,66,true,"10:00 am - 10:00 pm","10:00 am - 10:00 pm","10:00 am - 10:00 pm","10:00 am - 10:00 pm","10:00 am - 10:00 pm","10:00 am - 10:00 pm","10:00 am - 10:00 pm"
10000067,"Koch Awesome Rustic Concrete Salad 10000067",1,57,true,"10:00 am - 2:30 pm, 5:30 pm - 10:30 pm","10:00 am - 2:30 pm, 5:30 pm - 10:30 pm","10:00 am - 2:30 pm, 5:30 pm - 10:30 pm","10:00 am - 2:30 pm, 5:30 pm - 10:30 pm","10:00 am - 2:30 pm, 5:30 pm - 10:30 pm","9:30 am - 10:00 pm","9:30 am - 10:00 pm"
10000068,"Gusikowski Practical Intelligent Wooden Bacon 10000068",1,82,true,"9:30 am - 1:30 pm, 4:30 pm - 11:30 pm","9:30 am - 1:30 pm, 4:30 pm - 11:30 pm","9:30 am - 1:30 pm, 4:30 pm - 11:30 pm","9:30 am - 1:30 pm, 4:30 pm - 11:30 pm","9:30 am - 1:30 pm, 4:30 pm - 11:30 pm","10:00 am - 10:30 pm","10:00 am - 10:30 pm"
10000069,"Swift Unbranded Unbranded Rubber Cheese 10000069",1,75,true,"9:00 am - 11:00 pm","9:00 am - 11:00 pm","9:00 am - 11:00 pm","9:00 am - 11:00 pm","9:00 am - 11:00 pm","9:00 am - 11:00 pm","9:00 am - 11:00 pm"
10000070,"Rogahn Refined Incredible Concrete Computer 10000070",3,79,true,"8:00 am - 2:30 pm, 5:30 pm - 10:30 pm","8:00 am - 2:30 pm, 5:30 pm - 10:30 pm","8:00 am - 2:30 pm, 5:30 pm - 10:30 pm","8:00 am - 2:30 pm, 5:30 pm - 10:30 pm","8:00 am - 2:30 pm, 5:30 pm - 10:30 pm","10:00 am - 11:00 pm","10:00 am - 11:00 pm"
10000071,"Dickinson Intelligent Incredible Fresh Fish 10000071",1,71,false,"9:00 am - 1:30 pm, 4:00 pm - 10:30 pm","9:00 am - 1:30 pm, 4:00 pm - 10:30 pm","9:00 am - 1:30 pm, 4:00 pm - 10:30 pm","9:00 am - 1:30 pm, 4:00 pm - 10:30 pm","9:00 am - 1:30 pm, 4:00 pm - 10:30 pm","9:00 am - 1:30 pm, 4:00 pm - 10:30 pm","9:00 am - 1:30 pm, 4:00 pm - 10:30 pm"
10000072,"Stehr Licensed Fantastic Soft Computer 10000072",3,85,false,"8:30 am - 1:30 pm, 6:00 pm - 11:30 pm","8:30 am - 1:30 pm, 6:00 pm - 11:30 pm","8:30 am - 1:30 pm, 6:00 pm - 11:30 pm","8:30 am - 1:30 pm, 6:00 pm - 11:30 pm","8:30 am - 1:30 pm, 6:00 pm - 11:30 pm","9:00 am - 10:00 pm","9:00 am - 10:00 pm"
10000073,"Miller Practical Awesome Wooden Hat 10000073",2,94,false,"9:00 am - 2:00 pm, 4:30 pm - 10:30 pm","9:00 am - 2:00 pm, 4:30 pm - 10:30 pm","9:00 am - 2:00 pm, 4:30 pm - 10:30 pm","9:00 am - 2:00 pm, 4:30 pm - 10:30 pm","9:00 am - 2:00 pm, 4:30 pm - 10:30 pm","8:30 am - 11:30 pm","8:30 am - 11:30 pm"
10000074,"Stamm Unbranded Gorgeous Plastic Table 10000074",0,69,true,"7:30 am - 2:00 pm, 6:00 pm - 11:00 pm","7:30 am - 2:00 pm, 6:00 pm - 11:00 pm","7:30 am - 2:00 pm, 6:00 pm - 11:00 pm","7:30 am - 2:00 pm, 6:00 pm - 11:00 pm","7:30 am - 2:00 pm, 6:00 pm - 11:00 pm","7:30 am - 2:00 pm, 6:00 pm - 11:00 pm","7:30 am - 2:00 pm, 6:00 pm - 11:00 pm"
10000075,"McGlynn Sleek Rustic Granite Towels 10000075",1,55,false,"8:30 am - 2:00 pm, 4:00 pm - 11:00 pm","8:30 am - 2:00 pm, 4:00 pm - 11:00 pm","8:30 am - 2:00 pm, 4:00 pm - 11:00 pm","8:30 am - 2:00 pm, 4:00 pm - 11:00 pm","8:30 am - 2:00 pm, 4:00 pm - 11:00 pm","8:30 am - 2:00 pm, 4:00 pm - 11:00 pm","8:30 am - 2:00 pm, 4:00 pm - 11:00 pm"
10000076,"Hermiston Handcrafted Refined Fresh Pants 10000076",1,72,false,"8:00 am - 11:00 pm","8:00 am - 11:00 pm","8:00 am - 11:00 pm","8:00 am - 11:00 pm","8:00 am - 11:00 pm","8:00 am - 11:00 pm","8:00 am - 11:00 pm"
10000077,"Gaylord Sleek Handmade Metal Towels 10000077",3,64,true,"8:30 am - 11:30 pm","8:30 am - 11:30 pm","8:30 am - 11:30 pm","8:30 am - 11:30 pm","8:30 am - 11:30 pm","8:30 am - 11:30 pm","8:30 am - 11:30 pm"
10000078,"Turcotte Generic Incredible Granite Pizza 10000078",1,79,false,"7:00 am - 11:30 pm","7:00 am - 11:30 pm","7:00 am - 11:30 pm","7:00 am - 11:30 pm","7:00 am - 11:30 pm","7:00 am - 10:30 pm","7:00 am - 10:30 pm"
10000079,"Cole Fantastic Licensed Concrete Gloves 10000079",3,62,true,"8:30 am - 11:00 pm","8:30 am - 11:00 pm","8:30 am - 11:00 pm","8:30 am - 11:00 pm","8:30 am - 11:00 pm","8:30 am - 11:00 pm","8:30 am - 11:00 pm"
10000080,"Goodwin Small Handmade Rubber Fish 10000080",2,69,false,"10:00 am - 2:30 pm, 4:00 pm - 11:30 pm","10:00 am - 2:30 pm, 4:00 pm - 11:30 pm","10:00 am - 2:30 pm, 4:00 pm - 11:30 pm","10:00 am - 2:30 pm, 4:00 pm - 11:30 pm","10:00 am - 2:30 pm, 4:00 pm - 11:30 pm","8:00 am - 10:00 pm","8:00 am - 10:00 pm"
10000081,"Konopelski Rustic Fantastic Concrete Chair 10000081",0,95,false,"8:30 am - 10:00 pm","8:30 am - 10:00 pm","8:30 am - 10:00 pm","8:30 am - 10:00 pm","8:30 am - 10:00 pm","8:00 am - 10:00 pm","8:00 am - 10:00 pm"
10000082,"Schuster Rustic Sleek Frozen Pants 10000082",3,79,false,"9:00 am - 2:00 pm, 5:30 pm - 11:00 pm","9:00 am - 2:00 pm, 5:30 pm - 11:00 pm","9:00 am - 2:00 pm, 5:30 pm - 11:00 pm","9:00 am - 2:00 pm, 5:30 pm - 11:00 pm","9:00 am - 2:00 pm, 5:30 pm - 11:00 pm","9:00 am - 2:00 pm, 5:30 pm - 11:00 pm","9:00 am - 2:00 pm, 5:30 pm - 11:00 pm"
10000083,"Armstrong Sleek Intelligent Soft Chips 10000083",0,55,true,"9:30 am - 11:00 pm","9:30 am - 11:00 pm","9:30 am - 11:00 pm","9:30 am - 11:00 pm","9:30 am - 11:00 pm","9:00 am - 11:30 pm","9:00 am - 11:30 pm"
10000084,"Macejkovic Refined Rustic Rubber Pizza 10000084",1,95,false,"9:30 am - 2:00 pm, 5:30 pm - 10:30 pm","9:30 am - 2:00 pm, 5:30 pm - 10:30 pm","9:30 am - 2:00 pm, 5:30 pm - 10:30 pm","9:30 am - 2:00 pm, 5:30 pm - 10:30 pm","9:30 am - 2:00 pm, 5:30 pm - 10:30 pm","10:00 am - 10:30 pm","10:00 am - 10:30 pm"
10000085,"Gerhold Handcrafted Tasty Steel Tuna 10000085",1,84,false,"9:30 am - 2:00 pm, 6:00 pm - 10:30 pm","9:30 am - 2:00 pm, 6:00 pm - 10:30 pm","9:30 am - 2:00 pm, 6:00 pm - 10:30 pm","9:30 am - 2:00 pm, 6:00 pm - 10:30 pm","9:30 am - 2:00 pm, 6:00 pm - 10:30 pm","7:30 am - 10:30 pm","7:30 am - 10:30 pm"
10000086,"Simonis Fantastic Small Rubber Gloves 10000086",0,77,false,"9:30 am - 11:00 pm","9:30 am - 11:00 pm","9:30 am - 11:00 pm","9:30 am - 11:00 pm","9:30 am - 11:00 pm","7:30 am - 10:00 pm","7:30 am - 10:00 pm"
10000087,"Rempel Gorgeous Awesome Plastic Ball 10000087",2,73,false,"9:30 am - 2:00 pm, 5:30 pm - 10:00 pm","9:30 am - 2:00 pm, 5:30 pm - 10:00 pm","9:30 am - 2:00 pm, 5:30 pm - 10:00 pm","9:30 am - 2:00 pm, 5:30 pm - 10:00 pm","9:30 am - 2:00 pm, 5:30 pm - 10:00 pm","9:30 am - 2:00 pm, 5:30 pm - 10:00 pm","9:30 am - 2:00 pm, 5:30 pm - 10:00 pm"
10000088,"Douglas Generic Rustic Steel Bacon 10000088",0,89,false,"10:00 am - 10:30 pm","10:00 am - 10:30 pm","10:00 am - 10:30 pm","10:00 am - 10:30 pm","10:00 am - 10:30 pm","10:00 am - 10:30 pm","10:00 am - 10:30 pm"
10000089,"Jakubowski Intelligent Intelligent Granite Salad 10000089",3,52,false,"10:00 am - 2:00 pm, 6:00 pm - 11:00 pm","10:00 am - 2:00 pm, 6:00 pm - 11:00 pm","10:00 am - 2:00 pm, 6:00 pm - 11:00 pm","10:00 am - 2:00 pm, 6:00 pm - 11:00 pm","10:00 am - 2:00 pm, 6:00 pm - 11:00 pm","10:00 am - 2:00 pm, 6:00 pm - 11:00 pm","10:00 am - 2:00 pm, 6:00 pm - 11:00 pm"
10000090,"Bins Small Unbranded Cotton Fish 10000090",2,96,false,"8:30 am - 11:00 pm","8:30 am - 11:00 pm","8:30 am - 11:00 pm","8:30 am - 11:00 pm","8:30 am - 11:00 pm","8:00 am - 10:30 pm","8:00 am - 10:30 pm"
10000091,"Lehner Fantastic Handmade Concrete Keyboard 10000091",1,98,false,"7:30 am - 10:00 pm","7:30 am - 10:00 pm","7:30 am - 10:00 pm","7:30 am - 10:00 pm","7:30 am - 10:00 pm","7:30 am - 10:00 pm","7:30 am - 10:00 pm"
10000092,"Doyle Handcrafted Refined Plastic Chips 10000092",0,77,true,"9:00 am - 11:30 pm","9:00 am - 11:30 pm","9:00 am - 11:30 pm","9:00 am - 11:30 pm","9:00 am - 11:30 pm","9:00 am - 11:30 pm","9:00 am - 11:30 pm"
10000093,"Carroll Gorgeous Unbranded Rubber Ball 10000093",1,79,false,"8:00 am - 2:30 pm, 5:30 pm - 11:00 pm","8:00 am - 2:30 pm, 5:30 pm - 11:00 pm","8:00 am - 2:30 pm, 5:30 pm - 11:00 pm","8:00 am - 2:30 pm, 5:30 pm - 11:00 pm","8:00 am - 2:30 pm, 5:30 pm - 11:00 pm","8:00 am - 2:30 pm, 5:30 pm - 11:00 pm","8:00 am - 2:30 pm, 5:30 pm - 11:00 pm"
10000094,"Grady Handmade Unbranded Granite Mouse 10000094",1,66,true,"7:00 am - 2:00 pm, 5:30 pm - 11:00 pm","7:00 am - 2:00 pm, 5:30 pm - 11:00 pm","7:00 am - 2:00 pm, 5:30 pm - 11:00 pm","7:00 am - 2:00 pm, 5:30 pm - 11:00 pm","7:00 am - 2:00 pm, 5:30 pm - 11:00 pm","7:00 am - 10:30 pm","7:00 am - 10:30 pm"
10000095,"Nolan Intelligent Fantastic Cotton Cheese 10000095",0,90,true,"7:30 am - 2:00 pm, 5:30 pm - 10:30 pm","7:30 am - 2:00 pm, 5:30 pm - 10:30 pm","7:30 am - 2:00 pm, 5:30 pm - 10:30 pm","7:30 am - 2:00 pm, 5:30 pm - 10:30 pm","7:30 am - 2:00 pm, 5:30 pm - 10:30 pm","10:00 am - 10:30 pm","10:00 am - 10:30 pm"
10000096,"King Generic Intelligent Granite Cheese 10000096",0,97,true,"9:30 am - 2:30 pm, 5:30 pm - 10:30 pm","9:30 am - 2:30 pm, 5:30 pm - 10:30 pm","9:30 am - 2:30 pm, 5:30 pm - 10:30 pm","9:30 am - 2:30 pm, 5:30 pm - 10:30 pm","9:30 am - 2:30 pm, 5:30 pm - 10:30 pm","9:30 am - 2:30 pm, 5:30 pm - 10:30 pm","9:30 am - 2:30 pm, 5:30 pm - 10:30 pm"
10000097,"Grady Ergonomic Small Concrete Chicken 10000097",1,58,false,"7:00 am - 1:30 pm, 4:00 pm - 10:30 pm","7:00 am - 1:30 pm, 4:00 pm - 10:30 pm","7:00 am - 1:30 pm, 4:00 pm - 10:30 pm","7:00 am - 1:30 pm, 4:00 pm - 10:30 pm","7:00 am - 1:30 pm, 4:00 pm - 10:30 pm","7:00 am - 11:00 pm","7:00 am - 11:00 pm"
10000098,"Corkery Licensed Unbranded Plastic Ball 10000098",3,70,false,"8:30 am - 2:30 pm, 5:30 pm - 10:30 pm","8:30 am - 2:30 pm, 5:30 pm - 10:30 pm","8:30 am - 2:30 pm, 5:30 pm - 10:30 pm","8:30 am - 2:30 pm, 5:30 pm - 10:30 pm","8:30 am - 2:30 pm, 5:30 pm - 10:30 pm","8:30 am - 2:30 pm, 5:30 pm - 10:30 pm","8:30 am - 2:30 pm, 5:30 pm - 10:30 pm"
10000099,"Gusikowski Incredible Ergonomic Granite Table 10000099",0,71,true,"7:00 am - 10:30 pm","7:00 am - 10:30 pm","7:00 am - 10:30 pm","7:00 am - 10:30 pm","7:00 am - 10:30 pm","7:00 am - 10:30 pm","7:00 am - 10:30 pm"
10000100,"Sipes Small Sleek Steel Hat 100000100",2,65,false,"9:30 am - 2:30 pm, 4:00 pm - 10:00 pm","9:30 am - 2:30 pm, 4:00 pm - 10:00 pm","9:30 am - 2:30 pm, 4:00 pm - 10:00 pm","9:30 am - 2:30 pm, 4:00 pm - 10:00 pm","9:30 am - 2:30 pm, 4:00 pm - 10:00 pm","9:30 am - 10:30 pm","9:30 am - 10:30 pm"
10000101,"Baumbach Refined Sleek Plastic Bacon 100000101",0,61,false,"9:00 am - 11:30 pm","9:00 am - 11:30 pm","9:00 am - 11:30 pm","9:00 am - 11:30 pm","9:00 am - 11:30 pm","9:00 am - 11:30 pm","9:00 am - 11:30 pm"
10000102,"Emard Fantastic Licensed Rubber Gloves 100000102",1,67,true,"7:30 am - 10:00 pm","7:30 am - 10:00 pm","7:30 am - 10:00 pm","7:30 am - 10:00 pm","7:30 am - 10:00 pm","7:30 am - 10:00 pm","7:30 am - 10:00 pm"
10000103,"Kuhic Generic Gorgeous Plastic Soap 100000103",1,79,false,"10:00 am - 2:00 pm, 5:30 pm - 10:30 pm","10:00 am - 2:00 pm, 5:30 pm - 10:30 pm","10:00 am - 2:00 pm, 5:30 pm - 10:30 pm","10:00 am - 2:00 pm, 5:30 pm - 10:30 pm","10:00 am - 2:00 pm, 5:30 pm - 10:30 pm","10:00 am - 2:00 pm, 5:30 pm - 10:30 pm","10:00 am - 2:00 pm, 5:30 pm - 10:30 pm"
10000104,"Nikolaus Awesome Fantastic Metal Car 100000104",1,70,false,"9:00 am - 1:30 pm, 6:00 pm - 10:30 pm","9:00 am - 1:30 pm, 6:00 pm - 10:30 pm","9:00 am - 1:30 pm, 6:00 pm - 10:30 pm","9:00 am - 1:30 pm, 6:00 pm - 10:30 pm","9:00 am - 1:30 pm, 6:00 pm - 10:30 pm","9:00 am - 1:30 pm, 6:00 pm - 10:30 pm","9:00 am - 1:30 pm, 6:00 pm - 10:30 pm"
10000105,"Mertz Incredible Fantastic Steel Keyboard 100000105",1,80,true,"9:30 am - 11:00 pm","9:30 am - 11:00 pm","9:30 am - 11:00 pm","9:30 am - 11:00 pm","9:30 am - 11:00 pm","9:30 am - 11:00 pm","9:30 am - 11:00 pm"
10000106,"O'Conner Handmade Practical Cotton Cheese 100000106",3,54,true,"7:30 am - 10:00 pm","7:30 am - 10:00 pm","7:30 am - 10:00 pm","7:30 am - 10:00 pm","7:30 am - 10:00 pm","7:00 am - 11:30 pm","7:00 am - 11:30 pm"
10000107,"Cassin Intelligent Rustic Steel Fish 100000107",2,74,false,"9:30 am - 2:00 pm, 5:30 pm - 11:30 pm","9:30 am - 2:00 pm, 5:30 pm - 11:30 pm","9:30 am - 2:00 pm, 5:30 pm - 11:30 pm","9:30 am - 2:00 pm, 5:30 pm - 11:30 pm","9:30 am - 2:00 pm, 5:30 pm - 11:30 pm","9:30 am - 2:00 pm, 5:30 pm - 11:30 pm","9:30 am - 2:00 pm, 5:30 pm - 11:30 pm"
10000108,"Pouros Handcrafted Ergonomic Steel Mouse 100000108",0,57,true,"9:30 am - 10:30 pm","9:30 am - 10:30 pm","9:30 am - 10:30 pm","9:30 am - 10:30 pm","9:30 am - 10:30 pm","9:30 am - 10:30 pm","9:30 am - 10:30 pm"
10000109,"Maggio Unbranded Small Plastic Soap 100000109",1,68,false,"9:00 am - 10:30 pm","9:00 am - 10:30 pm","9:00 am - 10:30 pm","9:00 am - 10:30 pm","9:00 am - 10:30 pm","9:00 am - 10:00 pm","9:00 am - 10:00 pm"
10000110,"Goyette Incredible Gorgeous Concrete Gloves 100000110",1,88,false,"8:30 am - 1:30 pm, 5:30 pm - 10:30 pm","8:30 am - 1:30 pm, 5:30 pm - 10:30 pm","8:30 am - 1:30 pm, 5:30 pm - 10:30 pm","8:30 am - 1:30 pm, 5:30 pm - 10:30 pm","8:30 am - 1:30 pm, 5:30 pm - 10:30 pm","8:00 am - 10:00 pm","8:00 am - 10:00 pm"
10000111,"Wiza Ergonomic Practical Cotton Bacon 100000111",1,57,true,"7:30 am - 1:30 pm, 6:00 pm - 10:00 pm","7:30 am - 1:30 pm, 6:00 pm - 10:00 pm","7:30 am - 1:30 pm, 6:00 pm - 10:00 pm","7:30 am - 1:30 pm, 6:00 pm - 10:00 pm","7:30 am - 1:30 pm, 6:00 pm - 10:00 pm","8:00 am - 10:30 pm","8:00 am - 10:30 pm"
10000112,"Koch Incredible Rustic Wooden Chair 100000112",0,93,true,"7:30 am - 10:00 pm","7:30 am - 10:00 pm","7:30 am - 10:00 pm","7:30 am - 10:00 pm","7:30 am - 10:00 pm","7:30 am - 11:30 pm","7:30 am - 11:30 pm"
10000113,"Schamberger Refined Sleek Wooden Tuna 100000113",0,95,true,"9:30 am - 2:30 pm, 4:30 pm - 11:30 pm","9:30 am - 2:30 pm, 4:30 pm - 11:30 pm","9:30 am - 2:30 pm, 4:30 pm - 11:30 pm","9:30 am - 2:30 pm, 4:30 pm - 11:30 pm","9:30 am - 2:30 pm, 4:30 pm - 11:30 pm","7:30 am - 11:30 pm","7:30 am - 11:30 pm"
10000114,"Monahan Awesome Small Steel Chicken 100000114",0,59,true,"9:30 am - 2:00 pm, 4:30 pm - 10:30 pm","9:30 am - 2:00 pm, 4:30 pm - 10:30 pm","9:30 am - 2:00 pm, 4:30 pm - 10:30 pm","9:30 am - 2:00 pm, 4:30 pm - 10:30 pm","9:30 am - 2:00 pm, 4:30 pm - 10:30 pm","9:30 am - 2:00 pm, 4:30 pm - 10:30 pm","9:30 am - 2:00 pm, 4:30 pm - 10:30 pm"
10000115,"Emard Intelligent Sleek Granite Gloves 100000115",2,99,false,"8:30 am - 10:30 pm","8:30 am - 10:30 pm","8:30 am - 10:30 pm","8:30 am - 10:30 pm","8:30 am - 10:30 pm","8:30 am - 10:30 pm","8:30 am - 10:30 pm"
10000116,"Hackett Licensed Rustic Metal Hat 100000116",2,78,false,"7:00 am - 11:00 pm","7:00 am - 11:00 pm","7:00 am - 11:00 pm","7:00 am - 11:00 pm","7:00 am - 11:00 pm","8:00 am - 11:00 pm","8:00 am - 11:00 pm"
10000117,"Wisozk Incredible Incredible Rubber Hat 100000117",0,76,true,"10:00 am - 2:00 pm, 5:30 pm - 11:30 pm","10:00 am - 2:00 pm, 5:30 pm - 11:30 pm","10:00 am - 2:00 pm, 5:30 pm - 11:30 pm","10:00 am - 2:00 pm, 5:30 pm - 11:30 pm","10:00 am - 2:00 pm, 5:30 pm - 11:30 pm","10:00 am - 2:00 pm, 5:30 pm - 11:30 pm","10:00 am - 2:00 pm, 5:30 pm - 11:30 pm"
10000118,"Brekke Licensed Gorgeous Granite Ball 100000118",2,74,true,"7:30 am - 10:00 pm","7:30 am - 10:00 pm","7:30 am - 10:00 pm","7:30 am - 10:00 pm","7:30 am - 10:00 pm","7:30 am - 10:00 pm","7:30 am - 10:00 pm"
10000119,"Mayert Small Awesome Frozen Keyboard 100000119",2,99,false,"7:00 am - 11:00 pm","7:00 am - 11:00 pm","7:00 am - 11:00 pm","7:00 am - 11:00 pm","7:00 am - 11:00 pm","7:00 am - 11:00 pm","7:00 am - 11:00 pm"
10000120,"Beier Sleek Incredible Metal Shirt 100000120",3,86,false,"9:00 am - 11:00 pm","9:00 am - 11:00 pm","9:00 am - 11:00 pm","9:00 am - 11:00 pm","9:00 am - 11:00 pm","10:00 am - 10:30 pm","10:00 am - 10:30 pm"
10000121,"Boyer Handcrafted Rustic Cotton Sausages 100000121",2,78,false,"8:30 am - 10:30 pm","8:30 am - 10:30 pm","8:30 am - 10:30 pm","8:30 am - 10:30 pm","8:30 am - 10:30 pm","7:00 am - 11:30 pm","7:00 am - 11:30 pm"
10000122,"Pacocha Refined Generic Cotton Fish 100000122",1,83,false,"7:00 am - 10:30 pm","7:00 am - 10:30 pm","7:00 am - 10:30 pm","7:00 am - 10:30 pm","7:00 am - 10:30 pm","7:00 am - 10:30 pm","7:00 am - 10:30 pm"
10000123,"Marks Small Small Rubber Car 100000123",3,77,false,"9:00 am - 10:00 pm","9:00 am - 10:00 pm","9:00 am - 10:00 pm","9:00 am - 10:00 pm","9:00 am - 10:00 pm","9:00 am - 10:00 pm","9:00 am - 10:00 pm"
10000124,"Schulist Licensed Generic Rubber Computer 100000124",3,98,true,"10:00 am - 2:00 pm, 5:30 pm - 11:00 pm","10:00 am - 2:00 pm, 5:30 pm - 11:00 pm","10:00 am - 2:00 pm, 5:30 pm - 11:00 pm","10:00 am - 2:00 pm, 5:30 pm - 11:00 pm","10:00 am - 2:00 pm, 5:30 pm - 11:00 pm","10:00 am - 2:00 pm, 5:30 pm - 11:00 pm","10:00 am - 2:00 pm, 5:30 pm - 11:00 pm"
10000125,"Hilpert Tasty Handmade Cotton Car 100000125",0,58,false,"7:00 am - 2:30 pm, 6:00 pm - 10:00 pm","7:00 am - 2:30 pm, 6:00 pm - 10:00 pm","7:00 am - 2:30 pm, 6:00 pm - 10:00 pm","7:00 am - 2:30 pm, 6:00 pm - 10:00 pm","7:00 am - 2:30 pm, 6:00 pm - 10:00 pm","7:00 am - 2:30 pm, 6:00 pm - 10:00 pm","7:00 am - 2:30 pm, 6:00 pm - 10:00 pm"
10000126,"White Intelligent Small Metal Fish 100000126",1,59,false,"9:00 am - 10:30 pm","9:00 am - 10:30 pm","9:00 am - 10:30 pm","9:00 am - 10:30 pm","9:00 am - 10:30 pm","9:00 am - 10:30 pm","9:00 am - 10:30 pm"
10000127,"Ritchie Gorgeous Gorgeous Plastic Computer 100000127",3,92,true,"10:00 am - 1:30 pm, 5:30 pm - 10:00 pm","10:00 am - 1:30 pm, 5:30 pm - 10:00 pm","10:00 am - 1:30 pm, 5:30 pm - 10:00 pm","10:00 am - 1:30 pm, 5:30 pm - 10:00 pm","10:00 am - 1:30 pm, 5:30 pm - 10:00 pm","10:00 am - 1:30 pm, 5:30 pm - 10:00 pm","10:00 am - 1:30 pm, 5:30 pm - 10:00 pm"
